{"cameraMode":{"drawMode":0,"name":"Shaded","section":"Shading Mode"},"sceneLighting":true,"audioPlay":false,"sceneViewState":{"m_AlwaysRefresh":false,"showFog":true,"showSkybox":true,"showFlares":true,"showImageEffects":true,"showParticleSystems":true,"showVisualEffectGraphs":true,"m_FxEnabled":true},"in2DMode":false,"pivot":{"x":1.2770097255706788,"y":2.9218318462371828,"z":1.7500500679016114},"rotation":{"x":-0.17178663611412049,"y":0.10881414264440537,"z":-0.019107181578874589,"w":-0.9789708256721497},"size":5.273380279541016,"orthographic":false}